name,date,text,tags,links,mainLink
ML + stories,3/29/2021,What happens teaching a machine images to build a story and then doing the output on a paper? Maybe machine learning + projection = e-book,"coding, videomapping",https://media.giphy.com/media/xime8XYtdC9E55k7Nk/giphy-downsized-large.gif,https://media.giphy.com/media/E9rZW3MF7hku5lx4WO/giphy.gif
Digital Traffic,3/17/2021,"I did a model to explain my idea to Silvia about a projection inside a truck. The main project is about traffic education. So, I used a 1/6 scale and had some fun! I really don’t like 3D render, I always prefer a physical model or prototype…",videomapping,"https://media.giphy.com/media/bITjFaRZC7uS722sXc/giphy.gif , https://media.giphy.com/media/CeuzDgf0FBNu4yAx1H/giphy.gif",https://media.giphy.com/media/8dIATcLRcwjdIlHPIx/giphy.gif
Structure for mic,2/4/2021,A structure to use a small microphone at canon camera. I love this small microphone. Use magnets to fix itself on clothes. But Nepô doesn’t like the green light (the LED in the mic to sinalize it’s on). An old selfie was refurbished and made fit to use a tripod screw. Next step was adapt the flash holder to accept the screw.,photovideo,"https://media.giphy.com/media/yT0VdBDSgqtKCgXbbx/giphy.gif , https://media.giphy.com/media/2G8bxOyGTYVKz0FSbE/giphy.gif , https://media.giphy.com/media/EYtwQXg9YCiIczhDPH/giphy.gif ,
https://media.giphy.com/media/I1aRm23fhZ3Cxw7xvU/giphy.gif",https://media.giphy.com/media/RNabEwMKXduMKawIy4/giphy.gif
Leather Strap Cutter,2/3/2021,"Nepô wanted to do a prototype and use the laser cutter. The final product will be a tool to cut leather. I love tooling! First, let's try reuse something from here. It's not possible, let's do the right piece to hold the stylus. I'm a good mentor :)","laser, wearables","https://media.giphy.com/media/ZbB4IvK5DUVjgm4wqX/giphy.gif , https://media.giphy.com/media/n9mHo0aBKfx4Mlcvoj/giphy.gif , https://media.giphy.com/media/wChxVsjOJBJTIguAPM/giphy.gif , ",https://media.giphy.com/media/5aR0lobzN8gYNLgJJT/giphy.gif
Pneumatics 2020-3,12/15/2020,Testing more polymers to inflate. I bought two kinds to test. A PVC and a PU based thermo adhesives. None of them work as the type Adriana Cabrera gave me. But worked in some way...,paper,"https://media.giphy.com/media/NEzMHoR02hY2vsnLR4/giphy.gif , https://media.giphy.com/media/76d9XYBBCYbQ77pOad/giphy.gif , https://media.giphy.com/media/kypOj4hlhws3ehLsLR/giphy.gif , https://media.giphy.com/media/vQBTezW9zWnL4TEAeg/giphy.gif",https://media.giphy.com/media/9IuxWkyLJwfyRVB0vL/giphy.gif
Chamber Tests,12/13/2020,"Who loves generative projection on smoke and mirrors? First we tried steam like our surface to project on. But our system was so small. Thank gosh we have a theater smoke machine to try things more immersive. (No neighbors didn't worry thinking  LILO was on fire ufa). I'm with this idea, if it's possible to do an immersive cloud chamber (a particle detector used to visualizing the passage of ions).","lights, videomapping","https://media.giphy.com/media/rjcb4zHhbW8F6rnNmo/giphy.gif , https://media.giphy.com/media/VVPLfUdhxZ5zMXo2w7/giphy.gif , https://media.giphy.com/media/usBe6Os1UVAs50V3ok/giphy.gif , https://media.giphy.com/media/gqXRPFATqIzVeNNU6w/giphy.gif , https://media.giphy.com/media/Zqkmt7YHvAJFpVTis7/giphy.gif",https://media.giphy.com/media/aKEx97IBn1pV1oSm4b/giphy.gif
Pneumatics 2020-2,12/8/2020,"We're keeping the tests with plastic bags, paper and air to create some kind of flora. We did more iron soldering with the plastic bag, but this time with the supervision of the master Ricardo Bizafra. He taught how to patches the holes with more plastic! At the end we tried the soldering process with the laser cutter, but out of focus... I also tested  a thermoplastic that Adriana Cabrera gave to me. Interesting results...",paper,"https://media.giphy.com/media/KkVgXIZPzvdW96objz/giphy.gif , https://media.giphy.com/media/31aeZPSUkcXeYGvNki/giphy.gif , https://media.giphy.com/media/qj4gaqwWwD8Em2gDfq/giphy.gif , https://media.giphy.com/media/ou9Ed03aVZot7dwhKN/giphy.gif",https://media.giphy.com/media/rbVrwjInXsXHCdwa31/giphy.gif
3D scanning,12/7/2020,"Since 2013 I do a 3D scanning of myself. I don't why not I just do a regular portrait! Usually I used a Kinect camera plugged at a PC computer, but this time I decided to do in another way...  I used a DSLR camera and took one hundred pictures and tested 3 different programs to get my 3D model.","photovideo, 3d","https://media.giphy.com/media/39ChanHkpfWTooK5TN/giphy.gif , https://media.giphy.com/media/bSsZfOOEPqpz0ieW7P/giphy.gif , https://media.giphy.com/media/GuznNwh1jhhYYmyWEY/giphy.gif , https://media.giphy.com/media/F5KJhThRLQ9FKAk4l2/giphy.gif",https://media.giphy.com/media/wJfFizjETrhXzsN7X8/giphy.gif
Pneumatics 2020-1,12/1/2020,"The pneumatic researching team is back again. And this time, Paulina asked what to do with plastic bags… Soft Robotics, of course !!",paper,"https://media.giphy.com/media/Kl4SvkLdLw2DV5wAYv/giphy.gif , https://media.giphy.com/media/0AB5XHnZ01EIgrwOLW/giphy.gif , https://media.giphy.com/media/UzGSUP5DSa3ICQjoSn/giphy.gif , https://media.giphy.com/media/IzrGl3BmXBjzd61F53/giphy.gif , https://media.giphy.com/media/zOSyesT3zKp1T3nBsJ/giphy.gif",https://media.giphy.com/media/hDaWRcx3YlCpai4Nh7/giphy.gif
Webcam suit,11/24/2020," Em 2016 tive a oportunidade de fazer uma mesa (meeting?) com Neil Harbisson e Moon Ribas. A partir daí adoro (I’m enthusiastic?) a ideia de ter uma câmera acoplada no corpo. Ao conhecer o projeto C.O.M.O. (Controle de Operações por Movimento Ocular)*, realizado pelo grupo de pesquisa GIIP**, da UNESP (SP/BR), pude reproduzir a peça vestível “VEST”, projetada e desenvolvida por Rosangella Leote, e que suporta a câmera. A peça é parte do sistema C.O.M.O., que foi dirigido por Rodrigo Rezende, tendo a parceria de Mau Jabur e Fábio Bueno no desenvolvimento. Além destas pessoas queridas, fizeram parte do projeto Rodrigo Dorta e Andy Barac, na publicação da tecnologia que será aberta, e Daniel Boanerges, na modelagem em computação em 3D da carenagem do robô que é movimentado pelos olhos do usuário. O trabalho deste grupo foi desenvolvido para a nova temporada do programa “Conexão Maker”, programa da TV FUTURA (SP/BR), que é apresentado por Gabi Agustini, gravado em novembro de 2020. Estou muito feliz em ter colaborado com o programa além da oportunidade de realizar meu sonho ao reproduzir o vestível! NOTAS: * O C.O.M.O. é um sistema que, através do movimento ocular, controla objetos e operações computacionais sem fio, desenvolvido preferencialmente para pessoas que não possuem capacidade motora temporária ou permanente, embora possa ser utilizado em outras situações como em dança e outras artes cênicas ou multimidiáticas. O projeto completo está disponível em https://sites.google.com/view/projetocomo/ ** O GIIP - Grupo Internacional e Interinstitucional de Pesquisa em Convergências entre Arte, Ciência e Tecnologia – desenvolve arte com pessoas deficientes desde 2011. Este projeto integra a linha de pesquisa “Interfaces Assistivas para as Artes”. https://giippesquisa.wixsite.com/giip '",wearables,"https://media.giphy.com/media/ySRaayeE4zkgZtQNGy/giphy.gif , https://media.giphy.com/media/4pMDllmQs3kmcK2qL9/giphy.gif , https://media.giphy.com/media/DtQgzs2llWpuMCA1N5/giphy.gif , https://media.giphy.com/media/B4sKFOVk6rK07Rxe7i/giphy.gif",https://media.giphy.com/media/Ey7WKWfoEBv2OfO0MG/giphy.gif
3D Printer - part 1,11/21/2020,"In 2013 I assembled my first 3D Printer in Barcelona with Rep Rap community. A Prusa i3.  Last year (2019), I asked Laure to help me to assembly a prusa to print Clay... Well, look the sh*** we did lol This time I need just a regular 3D printer to make latex molds... And again I have support from a huge community ! And amazing tools!! Special thanks to HPE Electronics for printing the extruder parts !! Next steps are electronics, firmware and CALIBRATION !!!",3d,"https://media.giphy.com/media/ygYsjDdXAZEkwtrJ53/giphy.gif , https://media.giphy.com/media/OxMQMd6BhXiCqFkdme/giphy.gif , https://media.giphy.com/media/mAoSUhjgeLVuOGYqja/giphy.gif, https://media.giphy.com/media/42Y0Pv099REp7IG87i/giphy.gif , https://media.giphy.com/media/0W2YxV3Vjr1yafPyD4/giphy.gif",https://media.giphy.com/media/KqFXejxQX9YK4Y6teo/giphy.gif
Blink Chain,11/18/2020,This blink chain was my first PCB made in China (2018) with so many help of Mau Jabur. Last year (2019) I had the opportunity to know the factory and it facilities. So amazing see how circuits are born! I miss Shenzhen!,electronics,"https://media0.giphy.com/media/pazkT8csAyxbQXmve5/giphy.gif?cid=4d1e4f29ec7f6e3bcfd24ce9c688e70e26305a1a118e37d3&rid=giphy.gif , https://media0.giphy.com/media/kwjV5svi4Sz4oIb62q/giphy.gif?cid=4d1e4f29ee3719c4ecc0809f21d01104da88fb76f6eae2da&rid=giphy.gif , https://media3.giphy.com/media/vOSDKPLY41iQd4lBIM/giphy.gif?cid=4d1e4f29f1194c62183469c3fd7f4a902bc423c39ab66235&rid=giphy.gif , https://media3.giphy.com/media/iyVHlZ9r0Gkw4kB4Gm/giphy.gif?cid=4d1e4f29dec57d8bb13569927de7664e12bb763628f1025d&rid=giphy.gif",https://media2.giphy.com/media/21nLSr7cEgxB1rpXRy/giphy.gif?cid=4d1e4f2953da5a337264ac6e25ce6fdfc2d15cc49a7adfe2&rid=giphy.gif
Sweet Fixation,11/18/2020,"Eduardo Padilha and I are proposing to talk about the sweetest kind of addiction, sugar!  Who can blame Hansel and Gretel? It's simple to start the hole chain reaction and reward mechanisms, isn't ?","biothings, electronics","https://media1.giphy.com/media/E7J9RrFfyzuLXAdzeD/giphy.gif?cid=4d1e4f29e23bdcd6b8b3f90d26d7fe210c78ae3d634e8ccb&rid=giphy.gif , https://media2.giphy.com/media/lZ8f1Jfqo7d1nwCGWW/giphy.gif?cid=4d1e4f29518f2536875729b5d92260df7796556a2fc3f3f0&rid=giphy.gif , https://media0.giphy.com/media/gi2xXdG4Vsd3kThtU8/giphy.gif?cid=4d1e4f2984bcc4493c6ef88532d69ddc4651bc439a7680b7&rid=giphy.gif , https://media2.giphy.com/media/5MI1RJJl6FUKUJoCHk/giphy.gif?cid=4d1e4f290d5cb586a73f34b346bc14c47e42430b4c1bffeb&rid=giphy.gif",https://media4.giphy.com/media/Kl577aaOMKPBZOH09w/giphy.gif?cid=4d1e4f292944cfa4bfb036fd2dfd1ca4df9f2dc50d242ff5&rid=giphy.gif
Mapping Microbiology,11/16/2020,"Pilar Veras gave me some incredible images that she does with the microscope. So, I used to tech Bella how to do a projection mapping. Some VJing of microorganisms!! At some point, we didn't resist and did the mapping interacting to the sound. Next time I'll sing for the bacteria!","biothings, videomapping","https://media3.giphy.com/media/GEMRxmhenLMkDKgB6H/giphy.gif?cid=4d1e4f299bbd99e2a592573202bf070032c35eee99d84d08&rid=giphy.gif , https://media3.giphy.com/media/f63g85IJHAdnYzYCEU/giphy.gif?cid=4d1e4f298b3cc02f5e5ac8242dfead649ade7fbc89794a36&rid=giphy.gif , https://media2.giphy.com/media/3t1ifC9qH8vGE8WJBh/giphy.gif?cid=4d1e4f29b5226e8de018c56ecf03f7d7c0eea063105aa266&rid=giphy.gif , https://media1.giphy.com/media/ZjbZ4INaSnTbEwZjIJ/giphy.gif?cid=4d1e4f295471942cc8959b5272ac0e8eca2d5cadadf938a9&rid=giphy.gif",https://media2.giphy.com/media/Ll1UivAuyoN5D3fflY/giphy.gif?cid=4d1e4f29472074aa56d198fe4a7aae26b25696405185120c&rid=giphy.gif
Disassemb3D,11/15/2020,And Sunday it's a good day for disassembling a 3D printer...,3d,"https://media3.giphy.com/media/hX9vXr1CPhX6eaNGxa/giphy.gif?cid=4d1e4f293d878ae24449c5c80672b393f216dd063b85ab5e&rid=giphy.gif , https://media2.giphy.com/media/c0Fv9YJIz388tsGBks/giphy.gif?cid=4d1e4f29b1ec32892897155d49949f3a050c8bdfb4d0e607&rid=giphy.gif",https://media2.giphy.com/media/PIASbxgjdcvtL8cpsM/giphy.gif?cid=4d1e4f291fb8e44ee21764a7ed2428eb3931648f8e21028d&rid=giphy.gif
Inflatable Materials ,11/15/2020,Doing some test to do inflatables. We tried a kind of thermosetting plastic to do the outside and paper to do the air path.,paper,"https://media3.giphy.com/media/5fS020sMxflpxhlCA1/giphy.gif?cid=4d1e4f294a583e20df4f5fd68a9d8c6863f3a23fb28466e3&rid=giphy.gif , https://media2.giphy.com/media/yplquaPcDjilHB4RyB/giphy.gif?cid=4d1e4f2986e516c139540cb78bff922a1deda96ef7e80e1c&rid=giphy.gif",https://media0.giphy.com/media/dWJA0DyWypd4R8B0V8/giphy.gif?cid=4d1e4f299219c85b66028223d07b8e874e3a1320b42fe934&rid=giphy.gif
Meta-maker-photos,11/12/2020,"I learned many hacking  things when I was a photographer. Was in the transition between analogical and digital cameras. These days I found a laser cutting kit to do silhouette vignettes in the uphotos.  So, I did the photos  of the Mau Maker tree using the old school hackings ...",photovideo,"https://media1.giphy.com/media/ALiFGZ6PUo7Q94kLrd/giphy.gif?cid=4d1e4f2900bdd15c65335e9151803792be68f3a68ab97fd5&rid=giphy.gif , https://media3.giphy.com/media/riOd7nHdj2WAgS6OBY/giphy.gif?cid=4d1e4f29d143dfd731e1a1682b2acfcfbbb8d5685243693d&rid=giphy.gif",https://media1.giphy.com/media/IYvqwXmBZU0giLvE0t/giphy.gif?cid=4d1e4f295be3811759342b6320bbfc09baacb2c3cac4d2f8&rid=giphy.gif
BOTanical 2,11/10/2020,"I did the electronics with so many help of Mau Jabur. A little bit of product design with small laser cutting connections... and I’m gardening? Yes, Anais-karenin is traveling! I love work with touch sensors s2
Next step: use machine learning to training the computer to recognize the touch. I think will be the first ML you need irrigate...","biothings, electronics, laser","https://media4.giphy.com/media/3lG60Up1JMzZFtEiPU/giphy.gif?cid=4d1e4f29ff393d77e85b8e36902a054ff1366100e4accaad&rid=giphy.gif , https://media0.giphy.com/media/HR1syL8Se3I9O0ZaBX/giphy.gif?cid=4d1e4f298c0ed304773645c373b6e382dc33097577113f83&rid=giphy.gif , https://media1.giphy.com/media/M7BeyziFYzC61B3TQs/giphy.gif?cid=4d1e4f29fc28f2f1212e53aa427c445f0d0b0dcc68efbb65&rid=giphy.gif , https://media2.giphy.com/media/TUGvvNyIJxMWmF5EDW/giphy.gif?cid=4d1e4f29da57926f214073cdf8be5a4b02c30cb3abc54a39&rid=giphy.gif , https://media0.giphy.com/media/oudZcxcFqya1QThvor/giphy.gif?cid=4d1e4f29eb447ef081ac97ef5112b7d998888ef74c2762a6&rid=giphy.gif",https://media2.giphy.com/media/CHl6wJZnsoG6Zp6lHM/giphy.gif?cid=4d1e4f293d4005916c9d440d4e0099ad206dcaaca2e03255&rid=giphy.gif
Cianotipia 3,11/10/2020,"I used a tomography of my best friend (until today I don't know why she is so smart) like a negative for more cyanotype tests. For trying new tones in raw cotton I used NaOH and some wine. To avoid waste, I drank the rest of the wine ... Now, I'm ready to take my own tomography!",photovideo,"https://media2.giphy.com/media/hjCBrlfBJ8nkE8Ec39/giphy.gif?cid=4d1e4f29f7f53f87d3d535dd24ff7603ffd4ecc20f66b6aa&rid=giphy.gif , https://media0.giphy.com/media/2yRA33zo8PDe8euVXf/giphy.gif?cid=4d1e4f297564e2816bb3c74d2db379dd36b4c2ac1ad4009f&rid=giphy.gif , https://media3.giphy.com/media/LC8oT2CbvH7caJfEDp/giphy.gif?cid=4d1e4f2997dd5872c36a5bb4bec2a818581ab3b63d3376e0&rid=giphy.gif , https://media2.giphy.com/media/KBwFj2VgX3nbxYg2QQ/giphy.gif?cid=4d1e4f290e94f51660765c4f589f3514833409624cb250b9&rid=giphy.gif",https://media1.giphy.com/media/cmIR39lT8mvzuVwKvH/giphy.gif?cid=4d1e4f296bc9fc90ca563a145f952f2e1ac7c17a678d2ed3&rid=giphy.gif
Alginate string,11/8/2020,"Anne Galante told us she created her own string to crochet. I got inspired and decided to do a string also. I based mine in the alginate recipe from Loes Bogers. It's not so pretty like Anne's string. But, at least you can eat!!  Nexts steps:
1. Build a syringe extruder to do uniform thread. 2. Try different oils. 3. Improve my crochet with Anne.","biothings, wearables","https://media3.giphy.com/media/o7DREwVAlPI5HsYDge/giphy.gif?cid=4d1e4f29cce15f38223ca4f5e5c88850462445a91118d77b&rid=giphy.gif , https://media0.giphy.com/media/K8GFna2TiywtJUmFM6/giphy.gif?cid=4d1e4f29eb3ef95989195f43e2607dd409ace027fcd46092&rid=giphy.gif , https://media1.giphy.com/media/ZRU9vl48J67VFBcBc6/giphy.gif?cid=4d1e4f297a9231e211371d1b0554f35e41ea2d4177351bfe&rid=giphy.gif , https://media2.giphy.com/media/LmsHfUuevq79PV44Po/giphy.gif?cid=4d1e4f29b3ef80b7b87dd37bd5eaf0fcbae8ce069ad71a76&rid=giphy.gif",https://media1.giphy.com/media/wyditKU6dZnw5hPSKk/giphy.gif?cid=4d1e4f297a1f550af566f884a643a6f21edb28dbc6fde1f8&rid=giphy.gif
Felt cachepot,11/6/2020,A friend is very interested in felt cachepot... I have a lot of felt left over from the cellular installation interactive installation (2018). Sometimes I return to design seamless pieces using a laser cutter.,"laser, wearables","https://media4.giphy.com/media/kEjR6XnzGI229O7JC3/giphy.gif?cid=4d1e4f29d1d30d6fcb28d724cb1e90f6c975d32dd37cf0a6&rid=giphy.gif , https://media2.giphy.com/media/QiSWBjCR9ronBVm3W9/giphy.gif?cid=4d1e4f298626522f11670c02895f7a54c244ca4f03195c02&rid=giphy.gif , https://media4.giphy.com/media/aPXnldcrz8OSSVVTFK/giphy.gif?cid=4d1e4f290d9906ba67ea9530f92884dc4e7bf98451ae3ba9&rid=giphy.gif",https://media2.giphy.com/media/hzz4P2MOY7wwxf1T95/giphy.gif?cid=4d1e4f299d1c49ac3b9ec428087396f9157d8f8dd1c2444e&rid=giphy.gif
Mini router CNC,11/5/2020,Learning how use a mini router CNC with the master Mau Jabur. He did a smart system to calibrate the topography of the material. The all workflow is beautiful! I'm in love with this machine and possibilities!,electronics,"https://media2.giphy.com/media/srCHCGXqsoZHUVvWBb/giphy.gif?cid=4d1e4f29bea80ddae3df70fd71e6b1d6f9dd0513a992b587&rid=giphy.gif , https://media2.giphy.com/media/zoAyuAPW6IwGDV36Kd/giphy.gif?cid=4d1e4f29ce441d203ab85ab5c1dfa502b687c9e36d569bc7&rid=giphy.gif , https://media1.giphy.com/media/QSK7nS8dYNBM0OseUx/giphy.gif?cid=4d1e4f29fa644fca07fcbc8b8771d6891a86d01d4e127423&rid=giphy.gif",https://media4.giphy.com/media/thQF13zPymaC44yUeD/giphy.gif?cid=4d1e4f29bea80ddae3df70fd71e6b1d6f9dd0513a992b587&rid=giphy.gif
Gluing Plastics,11/4/2020,"I tried 3 kinds of glue to use in polypropylene and PET. The main goal was transparency.  And we have a champion, the epoxy adhesive.",paper,"https://media0.giphy.com/media/bOmHvTbGxj2aA80V2B/giphy.gif?cid=4d1e4f2987990c97e83aa8d620c0a68d3441fd8d044c9a09&rid=giphy.gif , https://media4.giphy.com/media/E4axZUi07YHlWwngxZ/giphy.gif?cid=4d1e4f29376063f90cd0ac5a50734a1c46da5cdbb85dc23d&rid=giphy.gif",https://media1.giphy.com/media/y25Ar3NqOPZ4X1H7Yy/giphy.gif?cid=4d1e4f29ecf18d3485069e1a70e77a5cfdb71fc6ca402756&rid=giphy.gif
Touching a plant ,11/3/2020,Touch the plant. A research with Anais-karenin. Next step is seeing what a plant can teaching to a machine or what a machine can learning with a plant.,"biothings, electronics","https://media2.giphy.com/media/5pmVYcb7Oh2Mk3SOlK/giphy.gif?cid=4d1e4f298e7e117942d8370992624eac2a7eff2d2019f53d&rid=giphy.gif , https://media2.giphy.com/media/jvO6XJ4vJTOrgex49I/giphy.gif?cid=4d1e4f298e7e117942d8370992624eac2a7eff2d2019f53d&rid=giphy.gif",https://media4.giphy.com/media/g53jqFpBrqYR401vzU/giphy.gif?cid=4d1e4f29deafe723bb8d62d64515cc323dc8a9c176603bd4&rid=giphy.gif
SD card damaged,11/2/2020,"Mysteriously the photos and videos on the SD card disappeared when I was copying on the computer. After browsing reddit, here I find PhotoRec, Digital Picture and File Recovery. Thanks open source movement, wiki and crowd knowledge for helping me recover my process recordings.","coding, photovideo","https://media0.giphy.com/media/67twzsJnFz7vbUDyZN/giphy.gif?cid=4d1e4f29184d63aafdd566284187d8aba1eeda38863b6fa8&rid=giphy.gif , https://media0.giphy.com/media/ZXy7kZzT3eupAkYdGA/giphy.gif?cid=4d1e4f29b44998c5520629eadca5f7cd5ef090155f636cc2&rid=giphy.gif",https://media2.giphy.com/media/7Aos9ds6Wv1wZOV46G/giphy.gif?cid=4d1e4f2952cb31b1488640842bbb71c96f7943b9244b15db&rid=giphy.gif
Body mapping + ML,10/30/2020,"Body videomapping with machine learning. I used a pre trained model able to recognize the human body. Always have a friend to help you map the projection ... and try deceiving  the machine learning using a doll. And don't worry, no dolls were hurt in the process.","body, coding, videomapping","https://media4.giphy.com/media/jcPemXDrQB6KcjipoI/giphy.gif?cid=4d1e4f29f1ea3d57b8829e6d38ab7e3d1320e48943bff709&rid=giphy.gif , https://media2.giphy.com/media/JOv2S0gxqjsvBI7AbT/giphy.gif?cid=4d1e4f29ec8c8ffd5f702c79c7c3c94453dd10b517926af5&rid=giphy.gif , https://media1.giphy.com/media/pV0ikYdlzeRDtLnLQn/giphy.gif?cid=4d1e4f29f37fb1a760d9c38298f3e20c9dad5aed86073603&rid=giphy.gif , https://media3.giphy.com/media/SoRsSlzZN02CJN0Tba/giphy.gif?cid=4d1e4f2919de7d48321263f18f196b0095bff64b6b4a4196&rid=giphy.gif",https://media3.giphy.com/media/yKfjwlCu1hHKEjuJHy/giphy.gif?cid=4d1e4f29c4dec07ff20384b66a01b529c3e5d09e8ac59c7a&rid=giphy.gif
Cyanotype 2,10/28/2020,Trying cyanotype again! This time with some pos production using NaOH and coffee (tips of Fábrica de Texturas - Spain). But first I did some timing tests in this material (raw cotton). I spend one minute in each stripe using the last light box I made...,photovideo,"https://media3.giphy.com/media/NBqe7KtH3nNKv5FJz8/giphy.gif?cid=4d1e4f29a41012dcec42158571947fe4e00ba46f9f5ac4b9&rid=giphy.gif ,  https://media0.giphy.com/media/UqchIxh0uJveKZO4mb/giphy.gif?cid=4d1e4f29c3e299319668f6950c7384080cb618d9e9609b7a&rid=giphy.gif , https://media2.giphy.com/media/XzCks2VZDDAek9hpDN/giphy.gif?cid=4d1e4f294ea013f65ef4d30c174386a9489e0951a082ccd3&rid=giphy.gif , https://media1.giphy.com/media/PvPXu1CXPOPQeBg589/giphy.gif?cid=4d1e4f291038e1ea84d9cc9bc7751ab12755a7249a371ad2&rid=giphy.gif",https://media4.giphy.com/media/BttvnVCrcKAtlvp9RT/giphy.gif?cid=4d1e4f29fd8fdfca10f1741db5d4f05d3c952cfb309ea81f&rid=giphy.gif
Diana’s Portrait,10/26/2020,A little experiment doing a portrait of my daughter in paper. First prototype.,"paper, photovideo, laser","https://media1.giphy.com/media/LEi5WLmEQi2dZwSozJ/giphy.gif?cid=4d1e4f29da19e45a6b21bd4c05c91a6816eb6b1c0eae6085&rid=giphy.gif , https://media1.giphy.com/media/9nuZBKmlibnMbrmYwg/giphy.gif?cid=4d1e4f29da19e45a6b21bd4c05c91a6816eb6b1c0eae6085&rid=giphy.gif , https://media.giphy.com/media/0pxMiZd4ZenxSMgQQ6/giphy.gif",https://media3.giphy.com/media/KttKUyAWXyNdeHjiJl/giphy.gif?cid=4d1e4f291b900ce8b485040694392941a4df74050e4aa7fd&rid=giphy.gif
Acrylic Frame,10/23/2020,"The beautiful work of Anais-karenin needed a beautiful acrylic frames. 
And I needed some tips of @mau_maker","laser, photovideo","https://media2.giphy.com/media/udU8xn0PisJDHxO7Uq/giphy.gif?cid=4d1e4f296f04e498e4dfc603193cffbacc1f9ebe6c89ffca&rid=giphy.gif , https://media3.giphy.com/media/ZJ3uZv3LdxiHVOJNGS/giphy.gif?cid=4d1e4f297942893e560f37461168c4b1e836d260a303dc95&rid=giphy.gif , https://media1.giphy.com/media/zBF8nd5yPwOqPyNBk7/giphy.gif?cid=4d1e4f29236aff81607c0cd1022a1ea3068025a829026ccb&rid=giphy.gif , https://media4.giphy.com/media/ez2YB2Ek38nHUGt50N/giphy.gif?cid=4d1e4f299ff689154be72bb11901d24fa2786bdb5aca6154&rid=giphy.gif",https://media0.giphy.com/media/gq4oh6kgLVU8blugng/giphy.gif?cid=4d1e4f29a8b30dc1df397f8592f7f36b81083f0d08103d2c&rid=giphy.gif
Avatar Inteligence ,10/21/2020,Every artist at some point decides to make his self-portrait. I decided to do it using machine learning and AI. I took on google photos all the images that I appear from 2015 to 2020 and fed a database.,"coding, photovideo","https://media1.giphy.com/media/iw8oJnXfbNiqnNOI5i/giphy.gif?cid=4d1e4f29e4d95b1a5dd8b79d8f254478cabfb9a95bd1c52f&rid=giphy.gif , https://media1.giphy.com/media/DjSQN9wAHMhQL0toXn/giphy.gif?cid=4d1e4f2915ef4399c987de2813208519b7966ff0ddb13a40&rid=giphy.gif , https://media2.giphy.com/media/cf9D2ojynkyHsJcxPR/giphy.gif?cid=4d1e4f29100b6e4532957094e2605dbadfe3b48e3c7fabb6&rid=giphy.gif , https://media4.giphy.com/media/dkcIC7Rkvrp9Ua1FVY/giphy.gif?cid=4d1e4f290807bee0845ad3d2a5b43e0185e36eabefa349dc&rid=giphy.gif",https://media3.giphy.com/media/WemDdioTM2CjLIiqCP/giphy.gif?cid=4d1e4f2905f7c22d2af7c4164a3f1dd99e6e3a6bfb0d7f27&rid=giphy.gif
Recording,10/20/2020,I’m one woman studio. I like so much recording my processes that I invented many ways to do this...and I have a crazy partner in this madness: Luis Leão. We use a little bit of everything...,photovideo,"https://media4.giphy.com/media/UjxuzsPpHvxIegAUOS/giphy.gif?cid=4d1e4f29859fa211dac7b43d9d63f2e6f2a7a555ed7d0dfe&rid=giphy.gif , https://media3.giphy.com/media/vZDUMLLogXhWMdaELO/giphy.gif?cid=4d1e4f292576395d12e48ec7cd92fc2efc55695337a6d58f&rid=giphy.gif , https://media1.giphy.com/media/sg7sV5SNIEsyEP8yrL/giphy.gif?cid=4d1e4f29e33087680b0b5b6c43ce59bce4793cc6fdebf78d&rid=giphy.gif",https://media0.giphy.com/media/OLCuKLUfwmy0dxoeFP/giphy.gif?cid=4d1e4f29b553f6397999d7ba3dbdf8b9d078c8658488096e&rid=giphy.gif
Winogradsky Column,10/20/2020,On Sunday I went to Guarapiranga (a dam for water supply and permanent preservation area) in São Paulo and I collected solo to do a winogradsky column. A way to visualize microorganism from soil. At the BioLiloLab: Mixing with some source of carbon And having some help of my daughter. I'll post weekly updates !,biothings,"https://media3.giphy.com/media/CPWvtDJZPv72P4UzDF/giphy.gif?cid=4d1e4f29fede422c1f715f2f5fbfc30835b670c7a4dd17a7&rid=giphy.gif , https://media3.giphy.com/media/4juj6u1DoFVq6z5z7a/giphy.gif?cid=4d1e4f297ab0aabdaaa77989d53ab5dfc86ab02e11ea21b9&rid=giphy.gif , https://media4.giphy.com/media/gecYTpXmQA7SXxDUXX/giphy.gif?cid=4d1e4f295c49eebbaf6ca5c0286ba514aab7e4a137f2d3ed&rid=giphy.gif , https://media3.giphy.com/media/hyHZbWgtx4OMgRj1ds/giphy.gif?cid=4d1e4f29f9f8cf6a39b5bdb979962e7fc5eba354a7431f5f&rid=giphy.gif , https://media1.giphy.com/media/bil0RLs20a4cW4utlA/giphy.gif?cid=4d1e4f298c06f49e0fe71c8f714819c1947fa763a0ee9a44&rid=giphy.gif",https://media3.giphy.com/media/aAf6MCtqfWMxpGvTsy/giphy.gif?cid=4d1e4f290a1146974b59fdedf32f4ecc6673b26c2f7a4fe6&rid=giphy.gif
Spoon scale,10/20/2020,Sometimes you need a hacking for fixing some important tool...,electronics,"https://media2.giphy.com/media/bgwC4a6v1UluP9GLil/giphy.gif?cid=4d1e4f291628b18adb2386ceece341a8a1fbf92697181fba&rid=giphy.gif , https://media2.giphy.com/media/3zNkXauHAl9HNPRdG4/giphy.gif?cid=4d1e4f29f3174dcd66a205fda6a8340b45926f8720fac8df&rid=giphy.gif",https://media3.giphy.com/media/Bmvv29Kcs36V0r1sDN/giphy.gif?cid=4d1e4f294819ef2f7377916709cd6de59e0a835d7049d48c&rid=giphy.gif
Frame,10/19/2020,"I  did a mistake with the size to do a kind of tray frame... so, I did a regular frame. Maybe next time...",wood,"https://media3.giphy.com/media/N9uhntmWAQIED0NI73/giphy.gif?cid=4d1e4f296eef40864d986d6171bd7a5cd60d89d18dd22885&rid=giphy.gif , https://media2.giphy.com/media/s7hooX58VdrBb80eOj/giphy.gif?cid=4d1e4f29eab73c7acbbc96b2b7017181f213eb88c5bd2f70&rid=giphy.gif , https://media1.giphy.com/media/nGzIUXVue3YHX2OnnJ/giphy.gif?cid=4d1e4f291b0047f48a7c47844ed6e055d6c43c62ad85e934&rid=giphy.gif, https://media2.giphy.com/media/0eSBgdqGwI3VohOWsN/giphy.gif?cid=4d1e4f298b234f2e325a6c12ae056c80813ab8a3bc1cc562&rid=giphy.gif",https://media0.giphy.com/media/3OScgyGfaJNL88wcMu/giphy.gif?cid=4d1e4f29424cdc6610673046d4d58f2b46d2a3bb6507368d&rid=giphy.gif
Doing a blog,10/18/2020,I did this blog using the instagram stories. I would like use the dynamic of stories to tell about process... But for my friends out this platform also see.  It's a mix of Jekyll + gifs + google form and spreadsheets and a way to update everything just using an iPhone.,"photovideo, coding","https://media1.giphy.com/media/J96JvNxN4zg5Ugjzj6/giphy.gif?cid=4d1e4f292a390fce368e368acb9742a56e47edc4c732de17&rid=giphy.gif , https://media3.giphy.com/media/ZWsdiyACennN5r8epL/giphy.gif?cid=4d1e4f2924afcfc98192394a2111cf39632771325c60d1eb&rid=giphy.gif",https://media3.giphy.com/media/l64ghzvjL30SEphznR/giphy.gif?cid=4d1e4f2980b8a54beadeed1096ebbd0bded60a9d20ff77e3&rid=giphy.gif
Sol and the light wall,10/17/2020,"Today I visited Hacienda and Sol Santin did these pics…She also did a amazing light wall (see the lights in the left) with many LED stripes and a huge diffuser. I didn’t take pics of the wall… sorry, to see you need to go there. The photos and diffuser are a great jobs. A woman of many talents…","lights, photovideo","https://media0.giphy.com/media/uz9OYMyhe4jVoS9s92/giphy.gif?cid=4d1e4f29c68e5a378acae6cf60ce266cb93ad82fddac3cce&rid=giphy.gif , https://media3.giphy.com/media/Jv2jNA3dqXzhCx8psC/giphy.gif?cid=4d1e4f29c68e5a378acae6cf60ce266cb93ad82fddac3cce&rid=giphy.gif ,  https://media1.giphy.com/media/w3ihkySgFPevHscfTo/giphy.gif?cid=4d1e4f29c68e5a378acae6cf60ce266cb93ad82fddac3cce&rid=giphy.gif",https://media3.giphy.com/media/sd9HTIB5xqTm2JAVws/giphy.gif?cid=4d1e4f299dcbc415cb481e74c897ebc579b0cf2bb21e32b3&rid=giphy.gif
Magnetics Rings,10/14/2020,"Spring-Summer Collection 2020
Prototyping accessories
(or just hacking a ring to work with little screws...)",wearables,https://media3.giphy.com/media/jhaqlzBDi7xOUMcrSG/giphy.gif?cid=4d1e4f295eae1a625e7fd02ace61df18e627395ffb4b28a0&rid=giphy.gif,https://media3.giphy.com/media/HJrFmSTCIwfCGuFP0e/giphy.gif?cid=4d1e4f29ee12e7569e672b6a9aeab620695a70b1143b3864&rid=giphy.gif
Wings,10/13/2020,First draft to do a real scale wing and performing...,"kinetic, wearables","https://media.giphy.com/media/229HyjQ7asFzAEnNyw/giphy.gif,  https://media.giphy.com/media/yP1kb6RzNXQJscimvb/giphy.gif",https://media.giphy.com/media/H0ih4erBmbj6CWMTYj/giphy.gif
Light Box 2,10/13/2020,"I rebuild the UV light box... To get uniform luminosity... It's perfect for esterilize!!! But not for cyanotype... Here a sample of cyanotype with 253 nm, the wrong wave length... ok, let's try do one more rebuilding...","lights, photovideo, wood","https://media0.giphy.com/media/yirV0uZzPnAgohLZE8/giphy.gif?cid=4d1e4f2914ca547e12dcce449d9f5ad3cca8b8f34305e14b&rid=giphy.gif , https://media1.giphy.com/media/71uDEqRmbwlSWafls2/giphy.gif?cid=4d1e4f29c39f264847a10313b0c80ca2176d0cd8969e3616&rid=giphy.gif",https://media0.giphy.com/media/F7p1tX1EwAZESDjXXm/giphy.gif?cid=4d1e4f29d6e50d53b3db0137d1e17b6bb299806a52433bfe&rid=giphy.gif
Light Boxes,10/12/2020,"Old light boxes, old materials, new purposals... Preparing them for doing cyanotype","lights, photovideo, wood","https://media4.giphy.com/media/beDt9TeP4ntwJ5DXe4/giphy.gif?cid=4d1e4f29a9864d3ad1c735aa4a9fec11c8a7a9696196b129&rid=giphy.gif , https://media0.giphy.com/media/OH94m1IKrUfbXusEvq/giphy.gif?cid=4d1e4f293ab95ae8442a653b903b08615686575460f1d52f&rid=giphy.gif",https://media3.giphy.com/media/ksDdrUJaBwxZr8WUvU/giphy.gif?cid=4d1e4f299a6ed26289e5871a132a7e67141b34d7dc8ad927&rid=giphy.gif
Cyanotype ,10/12/2020,Cyanotype on fabric using plant matrix with laser cutting designs,"photovideo, laser","https://media1.giphy.com/media/DGgt6HvFuvhmOlh3oi/giphy.gif?cid=4d1e4f291e08860c724d18389b018abc09dc097272118480&rid=giphy.gif , https://media1.giphy.com/media/i0hlfRgB0qZx8rD3ka/giphy.gif?cid=4d1e4f29bc241f7728f335d07412b5c8fdc1013090171a3b&rid=giphy.gif , https://media4.giphy.com/media/CRcdZW1Ldh4Gg1sgcD/giphy.gif?cid=4d1e4f29435ff37b028ad8661bb704a92d95fbca788cbdb8&rid=giphy.gif",https://media1.giphy.com/media/J66hw5yDclrYMvBDv9/giphy.gif?cid=4d1e4f294dffd9f44b52f08e835dc23f0752fc5770971730&rid=giphy.gif
Light Bag,10/7/2020,"Bag for party nights. Now, I need a party...","lights, wearables, laser","https://media2.giphy.com/media/YtwWxNtkcsa0qRMx5L/giphy.gif?cid=4d1e4f29a480dbab1ee7786c582003b0d4a98e013a4d54c1&rid=giphy.gif ,  https://media2.giphy.com/media/QE6gQGAiDhi7rS6GvX/giphy.gif?cid=4d1e4f29a480dbab1ee7786c582003b0d4a98e013a4d54c1&rid=giphy.gif ,  https://media2.giphy.com/media/lHJ20Vu4pm2yK3bLHU/giphy.gif?cid=4d1e4f29feef0b978548ca68b6b75bd5894789a47b57cf6a&rid=giphy.gif",https://media1.giphy.com/media/nsN0p9a2pbRKoYxEh0/giphy.gif?cid=4d1e4f29a480dbab1ee7786c582003b0d4a98e013a4d54c1&rid=giphy.gif
Bot,10/1/2020,"About this moment, Fabio Morais said eye to eye had been suspended... If I think in Abramovich... I can say the artist is tele-present...","body, kinetic, laser","https://media4.giphy.com/media/gnfuEQWicpIhox3RdN/giphy.gif?cid=4d1e4f2971e8eff06102292ef440c38285c3726df7f59711&rid=giphy.gif , https://media1.giphy.com/media/8AOYIsiSABhBZvtC38/giphy.gif?cid=4d1e4f295c597146a4988d9ac0d79bd6077dcfc60817fa01&rid=giphy.gif , https://media0.giphy.com/media/aYt8Ad7wIr7wHasZja/giphy.gif?cid=4d1e4f2992caa3c1721e11b1357d134d1865271af64a3327&rid=giphy.gif",https://media3.giphy.com/media/WRpYzdSPEOguhJb7KP/giphy.gif?cid=4d1e4f2953ab0714e63644ef63f36330553de0e67515e7e4&rid=giphy.gif
Paper Memories,6/14/2020,"In June I and Mari Nagem did a proposal for mapping the Goethe-Schiller-Archiv. And we decided to use paper like the subject and inspiration. We did a model of the building in the laser cutter for trying some ideas. And we delve deeply into the possibilities with paper... Ah, the project wasn't selected... But for me was the happiest prototype of 2020 with the best partner!","paper, videomapping","https://media3.giphy.com/media/LvJ2n5Q4R4eppEz7tq/giphy.gif?cid=4d1e4f29fed134776865ced8182e1c14f32cdc1feea73160&rid=giphy.gif , https://media4.giphy.com/media/sIpk69zy3D7sPrGNeL/giphy.gif?cid=4d1e4f29f35b9921f5e944d19d99ed19010fe346ada5901e&rid=giphy.gif , https://media1.giphy.com/media/hi1QWlWuxwL4zs9ojp/giphy.gif?cid=4d1e4f29b332161c56761e4c5be89999d31555491c46e568&rid=giphy.gif , https://media3.giphy.com/media/hiNJbDrFMm2Tfw2Y5m/giphy.gif?cid=4d1e4f2990ca17200f937936c8294b16459a5cf40497ec38&rid=giphy.gif , https://media1.giphy.com/media/bKgDPKxoiEaDtCXd39/giphy.gif?cid=4d1e4f29b25bf19146a847412088521710fe649457bf74df&rid=giphy.gif",https://media0.giphy.com/media/wNXSPs56Y3jv18vcJB/giphy.gif?cid=4d1e4f29390a91d8827603300abd303d8f462d6345949769&rid=giphy.gif